title,company,skills,location,job_type,salary,date_posted
Machine Learning Engineer,TechFlow,"C++, React, Machine Learning, Kubernetes",Canada Only,Part-Time,$94k - $134k,2026-01-30T05:00:25
Senior Python Developer,BrightFuture,"SQL, NoSQL",USA Only,Contract,$62k - $136k,2026-01-28T05:00:25
Sales Representative,CloudNine,"Kubernetes, Data Analysis",UK Only,Part-Time,$58k - $78k,2026-01-18T05:00:25
Frontend React Developer,DataViz,"C++, Data Analysis, Python, Docker",Canada Only,Part-Time,$138k - $211k,2026-01-04T05:00:25
Frontend React Developer,CloudNine,"Docker, NoSQL, AWS, UI/UX, Machine Learning",Europe Only,Part-Time,$78k - $131k,2025-12-31T05:00:25
Marketing Manager,SmartSolutions,"React, Java, JavaScript",Latin America,Contract,$130k - $218k,2026-01-29T05:00:25
Senior Python Developer,GlobalConnect,"Go, Figma, JavaScript, UI/UX",Canada Only,Full-Time,$114k - $160k,2026-01-29T05:00:25
Security Analyst,BrightFuture,"JavaScript, Java, Figma, Terraform",Latin America,Part-Time,$101k - $160k,2026-01-05T05:00:25
UI/UX Designer,TechFlow,"NoSQL, Figma, SQL",Latin America,Full-Time,$42k - $75k,2026-01-01T05:00:25
UI/UX Designer,SmartSolutions,"Data Analysis, Kubernetes, Node.js, Docker, Git",Canada Only,Contract,$57k - $155k,2026-01-17T05:00:25
Full Stack Engineer,GlobalConnect,"UI/UX, SQL, Machine Learning",USA Only,Full-Time,$78k - $98k,2026-01-05T05:00:25
Senior Python Developer,InnoSoft,"Go, Figma",UK Only,Full-Time,$42k - $127k,2026-01-09T05:00:25
Senior Python Developer,SmartSolutions,"React, Kubernetes, Docker",Europe Only,Part-Time,$127k - $148k,2026-01-25T05:00:25
Product Manager,BrightFuture,"Terraform, Machine Learning",Canada Only,Contract,$83k - $161k,2026-01-28T05:00:25
Mobile App Developer (iOS/Android),NextGen,"React, Rust, NoSQL",UK Only,Part-Time,$64k - $84k,2026-01-01T05:00:25
Frontend React Developer,GreenEnergy,"Docker, Data Analysis, SQL, Figma",Latin America,Part-Time,$59k - $148k,2026-01-26T05:00:25
Customer Support Specialist,InnoSoft,"Data Analysis, NoSQL, React, Node.js, Machine Learning",UK Only,Part-Time,$96k - $161k,2026-01-07T05:00:25
Security Analyst,BrightFuture,"Rust, Node.js, Docker",UK Only,Full-Time,$136k - $211k,2026-01-11T05:00:25
UI/UX Designer,SmartSolutions,"C++, Python, Machine Learning, UI/UX, AWS",Latin America,Contract,$130k - $217k,2026-01-18T05:00:25
Marketing Manager,GreenEnergy,"Terraform, AWS, JavaScript, Go",Europe Only,Part-Time,$129k - $225k,2026-01-29T05:00:25
Frontend React Developer,GreenEnergy,"React, Terraform",Canada Only,Contract,$61k - $81k,2026-01-14T05:00:25
Machine Learning Engineer,GreenEnergy,"Terraform, Git, Python, Data Analysis, Machine Learning",Canada Only,Full-Time,$77k - $118k,2026-01-08T05:00:25
UI/UX Designer,CloudNine,"React, Git",USA Only,Full-Time,$67k - $147k,2026-01-20T05:00:25
Customer Support Specialist,BrightFuture,"Data Analysis, React, Terraform, Figma",Latin America,Full-Time,$65k - $162k,2026-01-11T05:00:25
Marketing Manager,CloudNine,"React, Terraform",Canada Only,Full-Time,$146k - $175k,2026-01-30T05:00:25
Cloud Architect,CloudNine,"Data Analysis, Docker, Project Management",Worldwide,Part-Time,$110k - $144k,2026-01-12T05:00:25
Product Manager,PeakPerformance,"Docker, AWS, Node.js, Kubernetes",UK Only,Part-Time,$74k - $130k,2025-12-31T05:00:25
Data Scientist,BrightFuture,"Docker, Machine Learning, Go, AWS, NoSQL",UK Only,Full-Time,$42k - $108k,2026-01-21T05:00:25
Data Scientist,TechFlow,"C++, Python",Worldwide,Contract,$113k - $165k,2026-01-16T05:00:25
Product Manager,PeakPerformance,"Python, Git, Node.js",Worldwide,Part-Time,$105k - $145k,2026-01-17T05:00:25
Sales Representative,InnoSoft,"Git, AWS, Python, Java",Latin America,Contract,$56k - $81k,2026-01-12T05:00:25
DevOps Engineer,InnoSoft,"Terraform, Python, SQL",Canada Only,Part-Time,$74k - $126k,2026-01-19T05:00:25
Data Scientist,GlobalConnect,"Python, Terraform",Latin America,Contract,$123k - $175k,2026-01-12T05:00:25
Machine Learning Engineer,InnoSoft,"NoSQL, JavaScript, SQL",Worldwide,Full-Time,$57k - $131k,2026-01-13T05:00:25
Sales Representative,DataViz,"Java, C++, Machine Learning, Git",Europe Only,Part-Time,$90k - $135k,2026-01-15T05:00:25
Machine Learning Engineer,BrightFuture,"C++, React",Latin America,Part-Time,$150k - $215k,2026-01-21T05:00:25
UI/UX Designer,InnoSoft,"Git, Node.js, Terraform",Worldwide,Part-Time,$113k - $151k,2026-01-02T05:00:25
Machine Learning Engineer,CloudNine,"SQL, Terraform, AWS, React, UI/UX",Worldwide,Contract,$137k - $202k,2026-01-15T05:00:25
Cloud Architect,GlobalConnect,"Figma, Docker, Go, Project Management, Terraform",Worldwide,Contract,$80k - $134k,2026-01-06T05:00:25
Customer Support Specialist,DataViz,"Node.js, Go, Data Analysis, Terraform, Docker",Worldwide,Part-Time,$88k - $154k,2026-01-03T05:00:25
Backend Developer,InnoSoft,"Machine Learning, Node.js",Europe Only,Part-Time,$111k - $176k,2026-01-26T05:00:25
Full Stack Engineer,TechFlow,"Project Management, JavaScript, Machine Learning, Go",Worldwide,Full-Time,$121k - $158k,2026-01-01T05:00:25
Frontend React Developer,CloudNine,"Git, NoSQL, Go",Latin America,Full-Time,$49k - $70k,2026-01-09T05:00:25
Sales Representative,BrightFuture,"Terraform, Git, React, Figma",Latin America,Contract,$110k - $190k,2026-01-12T05:00:25
Product Manager,SmartSolutions,"UI/UX, SQL, Python, Kubernetes",Worldwide,Full-Time,$65k - $161k,2026-01-03T05:00:25
Marketing Manager,DataViz,"Figma, Java, Rust, Python, Data Analysis",Europe Only,Contract,$103k - $142k,2026-01-22T05:00:25
Data Scientist,DataViz,"Kubernetes, SQL, Figma",Canada Only,Part-Time,$124k - $200k,2026-01-27T05:00:25
Data Scientist,BrightFuture,"Python, SQL",UK Only,Part-Time,$87k - $109k,2026-01-29T05:00:25
UI/UX Designer,TechFlow,"React, Git, Rust",USA Only,Part-Time,$109k - $132k,2026-01-24T05:00:25
Cloud Architect,PeakPerformance,"JavaScript, Python",Europe Only,Part-Time,$115k - $176k,2026-01-28T05:00:25
Cloud Architect,TechFlow,"Data Analysis, Git, Terraform",Latin America,Contract,$49k - $100k,2026-01-24T05:00:25
Security Analyst,GreenEnergy,"Git, Node.js",UK Only,Full-Time,$88k - $135k,2026-01-03T05:00:25
Full Stack Engineer,CloudNine,"UI/UX, C++",Europe Only,Part-Time,$119k - $151k,2026-01-04T05:00:25
Data Scientist,InnoSoft,"NoSQL, Machine Learning, UI/UX, React",USA Only,Full-Time,$143k - $213k,2026-01-18T05:00:25
Backend Developer,InnoSoft,"Data Analysis, Java, Python, C++, Node.js",Latin America,Full-Time,$127k - $224k,2026-01-15T05:00:25
Machine Learning Engineer,GreenEnergy,"Terraform, Node.js, JavaScript, Git",Europe Only,Contract,$41k - $122k,2026-01-17T05:00:25
DevOps Engineer,GlobalConnect,"Java, Git, Docker",USA Only,Part-Time,$74k - $107k,2026-01-04T05:00:25
Senior Python Developer,DataViz,"JavaScript, SQL, Data Analysis, Terraform",Europe Only,Part-Time,$150k - $210k,2026-01-01T05:00:25
Data Scientist,SmartSolutions,"React, Kubernetes, Terraform, Go, Git",Canada Only,Part-Time,$137k - $213k,2026-01-06T05:00:25
Product Manager,GreenEnergy,"Terraform, AWS, Java, Rust",Canada Only,Part-Time,$96k - $190k,2026-01-04T05:00:25
DevOps Engineer,SmartSolutions,"Data Analysis, Go, UI/UX",USA Only,Full-Time,$54k - $114k,2026-01-11T05:00:25
Sales Representative,GlobalConnect,"Figma, Java, SQL, Rust, Machine Learning",UK Only,Contract,$57k - $118k,2026-01-25T05:00:25
Frontend React Developer,GlobalConnect,"NoSQL, AWS, Terraform, Figma",Canada Only,Full-Time,$115k - $169k,2026-01-10T05:00:25
DevOps Engineer,SmartSolutions,"SQL, Java, Terraform",Worldwide,Full-Time,$94k - $127k,2026-01-06T05:00:25
Sales Representative,CloudNine,"Project Management, Kubernetes, Data Analysis",Latin America,Contract,$66k - $131k,2026-01-25T05:00:25
Customer Support Specialist,PeakPerformance,"Figma, Machine Learning, Terraform",Canada Only,Contract,$149k - $199k,2026-01-10T05:00:25
UI/UX Designer,NextGen,"Docker, Python, Project Management, Java",USA Only,Full-Time,$93k - $125k,2026-01-17T05:00:25
Customer Support Specialist,BrightFuture,"Kubernetes, Python",Europe Only,Full-Time,$84k - $178k,2026-01-12T05:00:25
Security Analyst,PeakPerformance,"NoSQL, Go",Europe Only,Contract,$64k - $110k,2026-01-19T05:00:25
UI/UX Designer,BrightFuture,"SQL, Git, Rust",Worldwide,Part-Time,$61k - $137k,2026-01-30T05:00:25
UI/UX Designer,BrightFuture,"NoSQL, Data Analysis",Canada Only,Full-Time,$45k - $85k,2026-01-10T05:00:25
Customer Support Specialist,GreenEnergy,"Kubernetes, Docker, NoSQL",UK Only,Part-Time,$124k - $177k,2026-01-12T05:00:25
Cloud Architect,GreenEnergy,"JavaScript, UI/UX, Data Analysis",UK Only,Part-Time,$149k - $201k,2026-01-07T05:00:25
Marketing Manager,TechFlow,"React, SQL, Git, C++, UI/UX",Canada Only,Full-Time,$43k - $122k,2026-01-25T05:00:25
Senior Python Developer,InnoSoft,"AWS, Go",Canada Only,Full-Time,$141k - $225k,2026-01-05T05:00:25
Backend Developer,GlobalConnect,"AWS, Figma",Latin America,Part-Time,$133k - $203k,2026-01-09T05:00:25
Senior Python Developer,BrightFuture,"C++, Docker",Worldwide,Full-Time,$54k - $93k,2026-01-04T05:00:25
Senior Python Developer,DataViz,"UI/UX, JavaScript, Docker, React",Canada Only,Full-Time,$46k - $76k,2026-01-12T05:00:25
UI/UX Designer,SmartSolutions,"Python, Figma, NoSQL, UI/UX",UK Only,Contract,$94k - $150k,2026-01-17T05:00:25
Backend Developer,DataViz,"Python, Terraform, React, Project Management",UK Only,Part-Time,$90k - $144k,2026-01-13T05:00:25
UI/UX Designer,InnoSoft,"JavaScript, Project Management",UK Only,Part-Time,$101k - $198k,2026-01-09T05:00:25
Customer Support Specialist,PeakPerformance,"SQL, C++, Terraform, Python",Canada Only,Contract,$79k - $128k,2026-01-06T05:00:25
DevOps Engineer,GlobalConnect,"NoSQL, Data Analysis, Machine Learning",USA Only,Contract,$56k - $86k,2026-01-24T05:00:25
Customer Support Specialist,DataViz,"Java, Node.js",Europe Only,Contract,$135k - $184k,2026-01-02T05:00:25
Product Manager,DataViz,"SQL, Git",UK Only,Full-Time,$123k - $158k,2026-01-04T05:00:25
Marketing Manager,CloudNine,"Rust, Machine Learning, JavaScript, AWS",Worldwide,Full-Time,$102k - $163k,2026-01-05T05:00:25
Machine Learning Engineer,SmartSolutions,"Kubernetes, Rust, Python, React",Europe Only,Full-Time,$93k - $142k,2026-01-21T05:00:25
UI/UX Designer,DataViz,"SQL, Project Management, Python, Docker",Worldwide,Part-Time,$101k - $177k,2026-01-24T05:00:25
Customer Support Specialist,DataViz,"Node.js, Git, C++, Rust",USA Only,Part-Time,$135k - $180k,2026-01-25T05:00:25
Frontend React Developer,GlobalConnect,"Docker, Figma, React",Worldwide,Full-Time,$122k - $161k,2026-01-10T05:00:25
Cloud Architect,BrightFuture,"Rust, NoSQL, React",Latin America,Full-Time,$91k - $172k,2026-01-06T05:00:25
Product Manager,BrightFuture,"AWS, NoSQL",UK Only,Contract,$77k - $147k,2026-01-21T05:00:25
Machine Learning Engineer,NextGen,"Data Analysis, Git",Europe Only,Contract,$64k - $113k,2026-01-07T05:00:25
Marketing Manager,NextGen,"Python, Rust",Canada Only,Full-Time,$133k - $174k,2026-01-04T05:00:25
Security Analyst,BrightFuture,"Node.js, Terraform, JavaScript, Docker, React",Worldwide,Part-Time,$130k - $212k,2026-01-17T05:00:25
DevOps Engineer,DataViz,"Git, Docker, Java, JavaScript",Europe Only,Contract,$43k - $117k,2026-01-05T05:00:25
Customer Support Specialist,GreenEnergy,"Node.js, Figma, Go",UK Only,Part-Time,$102k - $195k,2026-01-13T05:00:25
Senior Python Developer,PeakPerformance,"Go, Project Management, Docker, React",Latin America,Full-Time,$130k - $202k,2026-01-22T05:00:25
Customer Support Specialist,PeakPerformance,"Git, AWS",USA Only,Full-Time,$105k - $148k,2025-12-31T05:00:25
Backend Developer,CloudNine,"Git, Figma, Terraform, Machine Learning, C++",USA Only,Part-Time,$130k - $189k,2026-01-27T05:00:25
Full Stack Engineer,CloudNine,"Data Analysis, Figma, Docker",Latin America,Part-Time,$56k - $125k,2026-01-23T05:00:25
Sales Representative,DataViz,"Java, Data Analysis",USA Only,Contract,$108k - $162k,2026-01-14T05:00:25
Data Scientist,TechFlow,"Project Management, C++",USA Only,Part-Time,$92k - $188k,2026-01-16T05:00:25
Marketing Manager,BrightFuture,"Node.js, UI/UX, React, Terraform, C++",UK Only,Contract,$59k - $143k,2026-01-12T05:00:25
Marketing Manager,CloudNine,"UI/UX, Rust, Kubernetes, Python",Worldwide,Contract,$105k - $188k,2026-01-25T05:00:25
Sales Representative,SmartSolutions,"AWS, Machine Learning, Kubernetes",UK Only,Full-Time,$56k - $126k,2026-01-19T05:00:25
Cloud Architect,GreenEnergy,"Git, React",USA Only,Contract,$138k - $202k,2026-01-10T05:00:25
UI/UX Designer,SmartSolutions,"Python, Terraform",Canada Only,Full-Time,$65k - $153k,2026-01-16T05:00:25
Frontend React Developer,CloudNine,"Git, UI/UX, Figma, React",Latin America,Part-Time,$84k - $158k,2026-01-23T05:00:25
Full Stack Engineer,CloudNine,"React, SQL",USA Only,Contract,$42k - $85k,2026-01-15T05:00:25
Frontend React Developer,GlobalConnect,"React, Docker, AWS",Latin America,Part-Time,$119k - $192k,2026-01-19T05:00:25
UI/UX Designer,InnoSoft,"AWS, C++, Kubernetes, NoSQL",Europe Only,Full-Time,$73k - $108k,2026-01-04T05:00:25
UI/UX Designer,GlobalConnect,"JavaScript, Node.js",UK Only,Contract,$74k - $141k,2026-01-12T05:00:25
Full Stack Engineer,CloudNine,"Go, SQL, Kubernetes, Machine Learning, Terraform",USA Only,Full-Time,$84k - $121k,2026-01-15T05:00:25
Senior Python Developer,NextGen,"React, Kubernetes",USA Only,Part-Time,$70k - $106k,2026-01-15T05:00:25
Senior Python Developer,InnoSoft,"Data Analysis, Machine Learning",Canada Only,Contract,$122k - $169k,2026-01-10T05:00:25
Frontend React Developer,BrightFuture,"C++, Git, Python, Go",Worldwide,Part-Time,$98k - $130k,2026-01-26T05:00:25
Machine Learning Engineer,PeakPerformance,"Java, Node.js",Worldwide,Full-Time,$134k - $185k,2026-01-29T05:00:25
Sales Representative,InnoSoft,"SQL, Rust, Machine Learning, Figma",Worldwide,Part-Time,$138k - $186k,2026-01-21T05:00:25
Full Stack Engineer,CloudNine,"AWS, UI/UX, Project Management, SQL",Canada Only,Full-Time,$99k - $145k,2026-01-13T05:00:25
Mobile App Developer (iOS/Android),PeakPerformance,"Rust, React",UK Only,Full-Time,$125k - $163k,2026-01-22T05:00:25
Mobile App Developer (iOS/Android),CloudNine,"Machine Learning, Git, AWS, Data Analysis",Worldwide,Full-Time,$143k - $210k,2026-01-17T05:00:25
DevOps Engineer,InnoSoft,"React, Node.js",Europe Only,Full-Time,$112k - $183k,2026-01-23T05:00:25
Frontend React Developer,GlobalConnect,"Rust, Docker",Europe Only,Part-Time,$138k - $223k,2026-01-04T05:00:25
UI/UX Designer,PeakPerformance,"SQL, Git, Figma, Rust, Docker",Canada Only,Contract,$100k - $153k,2026-01-30T05:00:25
Sales Representative,PeakPerformance,"Data Analysis, Docker",USA Only,Full-Time,$139k - $185k,2026-01-21T05:00:25
Marketing Manager,GlobalConnect,"Figma, Git, Rust",Europe Only,Full-Time,$75k - $137k,2026-01-27T05:00:25
DevOps Engineer,InnoSoft,"Kubernetes, Figma",USA Only,Full-Time,$111k - $190k,2026-01-17T05:00:25
Marketing Manager,NextGen,"SQL, C++, Docker, Java, AWS",Worldwide,Part-Time,$75k - $98k,2026-01-16T05:00:25
Product Manager,BrightFuture,"Git, Kubernetes",Latin America,Contract,$120k - $177k,2026-01-06T05:00:25
Cloud Architect,TechFlow,"Rust, Git",USA Only,Part-Time,$113k - $141k,2026-01-20T05:00:25
Machine Learning Engineer,CloudNine,"Machine Learning, Go, Kubernetes, Git, Rust",Latin America,Full-Time,$62k - $115k,2026-01-08T05:00:25
Product Manager,SmartSolutions,"AWS, SQL, Python, NoSQL",USA Only,Full-Time,$150k - $222k,2026-01-04T05:00:25
DevOps Engineer,PeakPerformance,"UI/UX, Docker",USA Only,Contract,$99k - $199k,2026-01-09T05:00:25
Frontend React Developer,DataViz,"Java, AWS, Rust, SQL",USA Only,Part-Time,$120k - $197k,2026-01-30T05:00:25
Marketing Manager,DataViz,"Git, UI/UX, SQL",USA Only,Contract,$124k - $219k,2026-01-02T05:00:25
Backend Developer,CloudNine,"JavaScript, Python, UI/UX, Kubernetes, Machine Learning",Europe Only,Full-Time,$101k - $121k,2026-01-09T05:00:25
Marketing Manager,CloudNine,"Go, Figma, Python, Rust",Latin America,Contract,$71k - $135k,2026-01-21T05:00:25
UI/UX Designer,InnoSoft,"Terraform, Docker, SQL",USA Only,Part-Time,$87k - $125k,2026-01-07T05:00:25
Product Manager,SmartSolutions,"Python, SQL, Node.js, C++",Worldwide,Full-Time,$82k - $119k,2026-01-03T05:00:25
Mobile App Developer (iOS/Android),DataViz,"Rust, Machine Learning",Canada Only,Contract,$64k - $107k,2026-01-29T05:00:25
Product Manager,SmartSolutions,"Python, Terraform",Europe Only,Contract,$46k - $108k,2026-01-27T05:00:25
Backend Developer,GlobalConnect,"C++, Kubernetes",Worldwide,Contract,$57k - $84k,2026-01-19T05:00:25
Machine Learning Engineer,NextGen,"Figma, Machine Learning, React, NoSQL",Europe Only,Part-Time,$136k - $214k,2026-01-21T05:00:25
Data Scientist,GreenEnergy,"NoSQL, Figma, React",UK Only,Part-Time,$142k - $177k,2026-01-17T05:00:25
UI/UX Designer,TechFlow,"AWS, JavaScript, Machine Learning",USA Only,Part-Time,$126k - $165k,2026-01-14T05:00:25
Backend Developer,TechFlow,"NoSQL, C++, AWS",UK Only,Part-Time,$52k - $139k,2026-01-27T05:00:25
Security Analyst,CloudNine,"Kubernetes, Project Management, Node.js, Java",Europe Only,Full-Time,$80k - $165k,2026-01-08T05:00:25
UI/UX Designer,GlobalConnect,"Go, NoSQL, JavaScript, Machine Learning",Canada Only,Contract,$120k - $192k,2026-01-09T05:00:25
Data Scientist,GlobalConnect,"Python, Terraform",Europe Only,Full-Time,$147k - $243k,2026-01-18T05:00:25
